
INSERT INTO TC_TIME_SLOT (id,SLOT) VALUES (1,'8:00 AM');
INSERT INTO TC_TIME_SLOT (id,SLOT) VALUES (2,'8:30 AM');
INSERT INTO TC_TIME_SLOT (id,SLOT) VALUES (3,'9:00 AM');
INSERT INTO TC_TIME_SLOT (id,SLOT) VALUES (4,'9:30 AM');
INSERT INTO TC_TIME_SLOT (id,SLOT) VALUES (5,'10:00 AM');
INSERT INTO TC_TIME_SLOT (id,SLOT) VALUES (6,'10:30 AM');
INSERT INTO TC_TIME_SLOT (id,SLOT) VALUES (7,'11:00 AM');
INSERT INTO TC_TIME_SLOT (id,SLOT) VALUES (8,'11:30 AM');
INSERT INTO TC_TIME_SLOT (id,SLOT) VALUES (9,'1:00 PM');
INSERT INTO TC_TIME_SLOT (id,SLOT) VALUES (10,'1:30 PM');
INSERT INTO TC_TIME_SLOT (id,SLOT) VALUES (11,'2:00 PM');
INSERT INTO TC_TIME_SLOT (id,SLOT) VALUES (12,'2:30 PM');
INSERT INTO TC_TIME_SLOT (id,SLOT) VALUES (13,'3:00 PM');
INSERT INTO TC_TIME_SLOT (id,SLOT) VALUES (14,'3:30 PM');
INSERT INTO TC_TIME_SLOT (id,SLOT) VALUES (15,'4:00 PM');
INSERT INTO TC_TIME_SLOT (id,SLOT) VALUES (16,'4:30 PM');

INSERT INTO TC_USER (ID,NAME) VALUES (1,'Kyle');
INSERT INTO TC_USER (ID,NAME) VALUES (2,'Paul');
INSERT INTO TC_USER (ID,NAME) VALUES (3,'Alex');
INSERT INTO TC_USER (ID,NAME) VALUES (4,'Luis');
INSERT INTO TC_USER (ID,NAME) VALUES (5,'Jairo');
INSERT INTO TC_USER (ID,NAME) VALUES (6,'Sonya');

--INSERT KYLE MEETING
INSERT INTO TC_MEETING (ID, USER_ID, TIME_SLOT_ID) VALUES(1,1,10);
INSERT INTO TC_MEETING (ID, USER_ID, TIME_SLOT_ID) VALUES(2,1,12);

INSERT INTO TC_MEETING (ID, USER_ID, TIME_SLOT_ID) VALUES(3,2,3);
INSERT INTO TC_MEETING (ID, USER_ID, TIME_SLOT_ID) VALUES(4,2,10);
INSERT INTO TC_MEETING (ID, USER_ID, TIME_SLOT_ID) VALUES(5,2,13);
INSERT INTO TC_MEETING (ID, USER_ID, TIME_SLOT_ID) VALUES(6,2,14);

INSERT INTO TC_MEETING (ID, USER_ID, TIME_SLOT_ID) VALUES(7,3,1);
INSERT INTO TC_MEETING (ID, USER_ID, TIME_SLOT_ID) VALUES(8,3,4);
INSERT INTO TC_MEETING (ID, USER_ID, TIME_SLOT_ID) VALUES(9,3,14);

INSERT INTO TC_MEETING (ID, USER_ID, TIME_SLOT_ID) VALUES(10,4,3);
INSERT INTO TC_MEETING (ID, USER_ID, TIME_SLOT_ID) VALUES(11,4,10);
INSERT INTO TC_MEETING (ID, USER_ID, TIME_SLOT_ID) VALUES(12,4,13);
INSERT INTO TC_MEETING (ID, USER_ID, TIME_SLOT_ID) VALUES(13,4,14);

INSERT INTO TC_MEETING (ID, USER_ID, TIME_SLOT_ID) VALUES(14,5,1);
INSERT INTO TC_MEETING (ID, USER_ID, TIME_SLOT_ID) VALUES(15,5,3);

INSERT INTO TC_MEETING (ID, USER_ID, TIME_SLOT_ID) VALUES(16,6,1);
INSERT INTO TC_MEETING (ID, USER_ID, TIME_SLOT_ID) VALUES(17,6,10);
INSERT INTO TC_MEETING (ID, USER_ID, TIME_SLOT_ID) VALUES(18,6,14);